test_loss,test_acc,epoch,step
-1.9508295059204102,0.613099992275238,0,0
