test_loss,test_acc,epoch,step
-2.1444036960601807,0.6252999901771545,0,0
