test_loss,test_acc,epoch,step
-2.292518138885498,0.6290000081062317,0,0
