test_loss,test_acc,epoch,step
-0.5954481363296509,0.5131000280380249,0,0
