test_loss,test_acc,epoch,step
-1.089553952217102,0.565500020980835,0,0
