test_loss,test_acc,epoch,step
-1.4453176259994507,0.5952000021934509,0,0
