test_loss,test_acc,epoch,step
-0.3627665340900421,0.44449999928474426,0,0
