test_loss,test_acc,epoch,step
-1.5848734378814697,0.597100019454956,0,0
