test_loss,test_acc,epoch,step
-1.76789391040802,0.6071000099182129,0,0
