test_loss,test_acc,epoch,step
-1.1987085342407227,0.5781999826431274,0,0
